{"cameraMode":{"drawMode":0,"name":"Shaded","section":"Shading Mode"},"sceneLighting":true,"audioPlay":false,"sceneViewState":{"m_AlwaysRefresh":false,"showFog":true,"showSkybox":true,"showFlares":true,"showImageEffects":true,"showParticleSystems":true,"showVisualEffectGraphs":true,"m_FxEnabled":true},"in2DMode":false,"pivot":{"x":21.209537506103517,"y":-3.3399243354797365,"z":37.37371063232422},"rotation":{"x":0.18763473629951478,"y":0.06576168537139893,"z":-0.012144519947469235,"w":0.9806494116783142},"size":14.051239013671875,"orthographic":false}