{"cameraMode":{"drawMode":0,"name":"Shaded","section":"Shading Mode"},"sceneLighting":true,"audioPlay":false,"sceneViewState":{"m_AlwaysRefresh":false,"showFog":true,"showSkybox":true,"showFlares":true,"showImageEffects":true,"showParticleSystems":true,"showVisualEffectGraphs":true,"m_FxEnabled":true},"in2DMode":false,"pivot":{"x":22.791492462158204,"y":5.448238849639893,"z":-1.5474767684936524},"rotation":{"x":0.09341668337583542,"y":0.32802286744117739,"z":-0.03255574405193329,"w":0.9401758313179016},"size":1.9631109237670899,"orthographic":false}