{"cameraMode":{"drawMode":0,"name":"Shaded","section":"Shading Mode"},"sceneLighting":true,"audioPlay":false,"sceneViewState":{"m_AlwaysRefresh":false,"showFog":true,"showSkybox":true,"showFlares":true,"showImageEffects":true,"showParticleSystems":true,"showVisualEffectGraphs":true,"m_FxEnabled":true},"in2DMode":false,"pivot":{"x":7.516579627990723,"y":4.407081127166748,"z":25.80329132080078},"rotation":{"x":0.09506769478321076,"y":0.44960275292396548,"z":0.048202142119407657,"w":-0.8868610262870789},"size":0.3606216013431549,"orthographic":false}