{"cameraMode":{"drawMode":0,"name":"Shaded","section":"Shading Mode"},"sceneLighting":true,"audioPlay":false,"sceneViewState":{"m_AlwaysRefresh":false,"showFog":true,"showSkybox":true,"showFlares":true,"showImageEffects":true,"showParticleSystems":true,"showVisualEffectGraphs":true,"m_FxEnabled":true},"in2DMode":false,"pivot":{"x":37.83707809448242,"y":-0.42333173751831057,"z":20.378087997436525},"rotation":{"x":0.09658727049827576,"y":0.21457305550575257,"z":-0.02137816697359085,"w":0.9723356366157532},"size":12.12435531616211,"orthographic":false}